specimen_id	instance	variant	node_type	spec.bit	readback.tsv	checkpoint
SLICE_X14Y25_async	SLICE_X14Y25	async	implementation	21d87ed1d6b21516d9841865a2430d151d5868e9e7f4465875f723fb91492974	52c93dd5a7c3c4581080826df28356e9e1f05781fb99463af49c36c3dfe7ad77	275e6b676679e693fed819b29149db83795670b4eb1931e81b74921708bb0222
SLICE_X14Y25_base	SLICE_X14Y25	base	implementation	d1e1d29e1cfcd4861a1fe8ac6582254d31ca2f46f3d0a0cb5153d74bfe62a1a9	a0dc651081aed9250c1f7b712b957f606502c54f0895f9b9805171a1ed8b2297	b2a7eb846371f3466641c047ab37aca63f23d3c6486e3f1692ca94fae7b662a1
SLICE_X14Y25_ce_tied	SLICE_X14Y25	ce_tied	implementation	223d53618f2db18d98b0069e3143dea705aea109ee63a7ebfd24be909423759f	017297ed5ba8481d720d517759b6890e8aa5cf71fa6e2bd4313910fb70f6edaa	bd2a0eff8de6a06a0ceb99efa6732de810245ce1de5568257491c67bc6a276e6
SLICE_X14Y25_clkinv	SLICE_X14Y25	clkinv	implementation	60396c5065d8a291f01230be8fee21629f102d7860109d5901ae2e1a8244e3d6	3b8285942a1b414dd424c690b168b5111167f18bfec09ef8a14d439644067289	bdeeb147215226d60f0bb0211592ad29f7c4c51711ff842df1fa773cad7d0afc
SLICE_X14Y25_latch	SLICE_X14Y25	latch	implementation	d7c62af0c33b36aedf22f77a02f4fc780c92324ca11737022aab52d2115a9075	8d19fa2dfda057df6f2b9711254c178163cca18c6e111f33e20a1d2c194f2cd2	233f7ae2dddeef9694f7400df4f2d06f424f7d0f7b670c909dc5eb8b7201e984
SLICE_X14Y25_latch_base	SLICE_X14Y25	latch_base	implementation	a66dc2075fac2d59a75f5cb342608d4f8ec660d1c15081b874e90aedc1aa49e3	c0e7f13db199e47a9078d0308fae3f0bcdffb1479a2d89d820b57e3cf6178239	f7c0925deab45d9a93c25eebffeaf5558a696cbfe29e58f5e912ea011ac9e3fd
SLICE_X14Y25_sr_tied	SLICE_X14Y25	sr_tied	implementation	fc6ddc824bf6cf899973a71ba591f5558db79a9f7e6d078af01acd2f5292b596	d112af48cbee24150782560bd91242ba04dabe9af36074bf3334942e5576a26f	db001376edb88f0c4418cccd28cdd3020023d774fc4804132ec14917d5ede188
SLICE_X14Y25_zini_A5FF	SLICE_X14Y25	zini_A5FF	derived	813b5471dd1789d54bb56f104725ac9077e4a563ae67dc4b89a4425e3ff2136b	e928151b85f1ffd3aa1c889d741a0bcf558bd26e9d02834cd6d1e3fa32fd2caf	ed7fa13036b3f4c0630efaf5fe0f7d1ccee8bde112ce2650b48e1dc08b340930
SLICE_X14Y25_zini_AFF	SLICE_X14Y25	zini_AFF	derived	a527a2cb25dabd530e976e928351f92a44be7a94d22691d06cc6cd4dac7ed4ed	721f96fffaf6e7b66322fa93e41982e71baee890195437833514e06d9e98323a	157c9eb484242a5dce0534f1a46ff3455ab7e43ad33557abc3336c797411691a
SLICE_X14Y25_zini_B5FF	SLICE_X14Y25	zini_B5FF	derived	bc82561aa7240e62381f38c2b176f8e058dc38418b6fc8512c3c840e324881a5	331d90ce5409c4c2125e788dfea6c77939689b5ae45ad9ce50b372bedd71a5ff	cd4259ed1dd7fa22415062ba9f8dafa2baae289905a44e4af7c196c69ce0c27a
SLICE_X14Y25_zini_BFF	SLICE_X14Y25	zini_BFF	derived	695af3d21a95f550dedc0e7b21ec3f701bb633e3284d0845a4e5ef46dddc0dfc	ca941dd3f11e9cdff42458629db9139e12faa75f21c8f56e580b9e9e49cab4a4	8131c076b0f0d42aec652e9096f8a47b2fd7aa21becd150eaa86fe67ac4fb5d1
SLICE_X14Y25_zini_C5FF	SLICE_X14Y25	zini_C5FF	derived	88dbd46576d9775c307e285d354a0d7619f6d3bef277d4ba0105834f8201819f	23a258b241bfb5d98ab10b3268e7402f0d3aa0d73cfc71be32798b9ac9f5e28a	39445db3483d7cf02a07b7b4997b2b9e4e383d786d91b5ece4859e878d071147
SLICE_X14Y25_zini_CFF	SLICE_X14Y25	zini_CFF	derived	44dd4411d1aa16fa85ff89f5fc9ecd5c28b0d02ff5f3cf977a305fb78fbe5043	ad876a22720ff22753d9cb0299301c3a5c818a168b1c23fca09cc7ea3a86d3b9	57b656c71935389e9e2a582302646db64b965ed9896711270240df4dd5ea4402
SLICE_X14Y25_zini_D5FF	SLICE_X14Y25	zini_D5FF	derived	ac379bcb10a2deb1958d72b0c5cdef9299a1bedd955703c83732eb798ce25877	404a49969e7de1e596b226f42b56622d614983078e273b564095a82db055a10a	d526881f970392ecf80f6d6ae98e084c0de4152bde1f6cd5b00d069355d2a0f0
SLICE_X14Y25_zini_DFF	SLICE_X14Y25	zini_DFF	derived	b54b21ba22482eb368aaae7037a153c6cc2573bda089d0f182b6487040f9363f	2e4c0a81c0f0b5bceafe666f24f999a6565cb85c7d6643393fd368990e3aeeb5	c5886045e9465a3fb1082454c74a06e30598557f4715fe7d13d70226d7bbafec
SLICE_X14Y25_zrst_A5FF	SLICE_X14Y25	zrst_A5FF	implementation	5ca3a485600465c2f13ac7f0e80a9d71b7d1dc12dd3b3c510492b312946bed34	934ce171855d83be7d5bc020876b072207dc32e56c8677f720bb03f368f6bcd5	51cadac0ae20bc8468fa061435bdffb104878054a77d2c48e41f5de0320ad686
SLICE_X14Y25_zrst_AFF	SLICE_X14Y25	zrst_AFF	implementation	37bfdd6e1430ba8c70e26d5cd90d33c15c27eaa2a844ab3a84e65829a4c35ccf	14624c0d975754ef3276f0fed3948efad94dddf1a26d4cf6fb54a018dd3174f3	767dec49aa1b8c38e9223e5fe61dae38f97581c9fad2cf6156b445c39b2b3e27
SLICE_X14Y25_zrst_B5FF	SLICE_X14Y25	zrst_B5FF	implementation	d2bc696546312b9c6ffc5885d537092b3452671076a76056f0603bcea37c1257	612876f864facfd76f416c6bdb6986d71b590cfee6c9eed641afa0bf14092fe3	9c3505f462eb769cece754db0d47e98734f617b1afbc145fc107037e3bef4fd6
SLICE_X14Y25_zrst_BFF	SLICE_X14Y25	zrst_BFF	implementation	f7c2544a0d060e7d236d2bbfe037705e508f7b56748e457e5d7085ec74d71631	4e83b646c8fb21fbda88e2b4ec2e3b5045a01888df2316d63efb8617fcff506b	49869049716f8e90e1036819567e9f02d4f315d65adbda54287cbf15a131cd02
SLICE_X14Y25_zrst_C5FF	SLICE_X14Y25	zrst_C5FF	implementation	042ac73c89be2f42d1663d50e4c2ba268b25dd234a6e2964900f642db34e3250	d687b9ad05c84291d40fde7f82283cb42b96b7d05e94d944cc4487b3f19e3e5e	148b8dfe09a83a4c327654328094d320fc159b79474d7c3757b8a74c6126eafd
SLICE_X14Y25_zrst_CFF	SLICE_X14Y25	zrst_CFF	implementation	8d8681451de119ce6febe980138a895eacba484c2f5ac9714e3b2a1771b4042b	0fa3a271dc1f51b168c6536b841baad42aaac0fc4e047f7bfbd65861b2774904	e7da349a8036901235be70643c01a8c5f0c8c215db1f1328b17c53dad827ecf6
SLICE_X14Y25_zrst_D5FF	SLICE_X14Y25	zrst_D5FF	implementation	4c32778660dfeb0d289cf53f81d5265359ea22b77d72e798a089defb7a0e461a	5be3e413e3b6ed329d999b9c0d0d5877c8798335556e89423ff1ca46cfe7a5c2	e249b8deec0467d736aa93afc0c3c0105be91968ca3cad62149c33491a3efb52
SLICE_X14Y25_zrst_DFF	SLICE_X14Y25	zrst_DFF	implementation	efd410b7862d5dbad5c4a36ec2c0aaf87e3b8b646e01dfe230a908264b30b79e	4178033aba9c224b8f1a12af4e391c3f0d899e41a0719ef496dc8c27b84e4c14	52f47a55c943590ecdfab3f876b442623b404d64804bcf9b267cedeab58403c0
SLICE_X15Y25_async	SLICE_X15Y25	async	implementation	6d20dd3fe85ec798f6e35bf7dea2d75368443634ab7507969daf8c391fe2d614	f1a15c5a273aec813c2912d70c9527d9adb5f291b0a367788969c06b633d816d	acbc23bb4f1132203db3f21d30560ed2ff556f3824bb93a98635964dfa766846
SLICE_X15Y25_base	SLICE_X15Y25	base	implementation	b8776b03a19f327fe6a79e1028228e670cbbefeda679024b84f12d2ce8f16591	0a8af746974115896484195a9560554bcd67408de412b8314cb375d57772b790	26f957c9c3549522859a18a0a0a530a8d66511db3130ce7ad559a080b99d0082
SLICE_X15Y25_ce_tied	SLICE_X15Y25	ce_tied	implementation	1c101723c89b978d0aa3351de453519884219ea7e2da5888adb27128db0e2e62	385e61066146166998ef2c451f5ecfca2fe80c55e43f0dfad734a0536fd6b7e0	7de8453da510075130e18ce6f110cf124f51b08c1bbbf732e96101937fb13bf3
SLICE_X15Y25_clkinv	SLICE_X15Y25	clkinv	implementation	96b57275289441b70559fb3a053b3d2ebb186da0731e8ec641791434c29111fa	d93af488871469da2440adb11c3dc806191b2d7288978438c49fccc649228546	04841e455d0366071b9041f03d5bc1c84b14aae10fae5db12b49cbd8a3527cec
SLICE_X15Y25_latch	SLICE_X15Y25	latch	implementation	fd83a215815822a5ec22df4609d220c1f66199f918abc79b81c45b0ce0280243	78656ac6a4c4a834a5e0bdb6b55b8e775e716aa2ead6893a7d269a65e31e0b88	7e072784d9287d91a63a77527fe6388f4ee70d03034a9f52212d342178f560fc
SLICE_X15Y25_latch_base	SLICE_X15Y25	latch_base	implementation	51c63808ace7512bbe2695d929619386ba91596822a452e42fddffd6ae4606a0	7cd3cfe30153fbc33b55e7fa0d0c0127acaab2ff1ce57b882c9b7406237319f5	6df6f4ecaa38476f50a0748e1f89f1fdf3d2a1e129f94bebbe376e68f9d7b8cd
SLICE_X15Y25_sr_tied	SLICE_X15Y25	sr_tied	implementation	26621c2d5a2c74478024142d4099875120d6e47b605df07d3770f6219b9ac1a3	0786998e75a5d782bfb3fa4155ad3eb992ded39481c87e32d82d6715bbc5a45a	3d977916a1fb5d090c69352934e806cd890e6089ba5d65a89b80baddfc3fb27b
SLICE_X15Y25_zini_A5FF	SLICE_X15Y25	zini_A5FF	derived	d03505ab13ca74cb188c01148d45a80ef9df243145f7fc5d6281f5be3ef352f7	b67a25a73bd6bf1adb4e3be1f33130eae508169305442550fd5a2c37362b09a5	983742f3aebea97be86c41f91a8b930d8a09c03438491b9e45fdc7642b0a60ba
SLICE_X15Y25_zini_AFF	SLICE_X15Y25	zini_AFF	derived	04e43462ca8f331d22566e7510c3e5a3a17592b66dca6e12d7937f7e55f6a938	df40e2b93e3b0d802f4f241e182817c7dbcead9b9d186ce803bbe4d7db517233	d4e85cc12dfb7a480bf44bd5f6bb1bb31f96100f596f1ebb90e581f0f137e966
SLICE_X15Y25_zini_B5FF	SLICE_X15Y25	zini_B5FF	derived	9d2168e2f58cb346e5bcbb0bb54d3c26af12c6ecbbe51cde564b65b9d591c726	c8f9ca9ff301fab8dbed9c29119345118f9ce897774b36ef6f7a8f93d9881286	cdaafc3d161db74759f9821bad405aec09e6f926300e4d43897f36d59551ba27
SLICE_X15Y25_zini_BFF	SLICE_X15Y25	zini_BFF	derived	46cd6801d6a2b8ff45cef9b10a0c49505973bc9b3935e0868874f82ac6223c1a	0633585f69a097b4622099ce2e16dce892f2c5111d2494eb2712b1d23d965250	e1a13039ad9514aa1a1c9636a809cb626f4a8f63e82300e36a4846dd922b571f
SLICE_X15Y25_zini_C5FF	SLICE_X15Y25	zini_C5FF	derived	34574ad0a35953d5c7bd8ff027251e31ff64e993c831d655203df1603c991e54	2ef8b69331a011d17e2c24c54a0981c8bceaee45a828f942b1c62dcd75fb2465	568a58e299c77aa674e96bbe864fd16506592a64f9870b5bba3fb7c969b65847
SLICE_X15Y25_zini_CFF	SLICE_X15Y25	zini_CFF	derived	3f1f950e996bbe5e68dd527c637df9a031487af9f780eb60ffa13b3f574c9e75	c8bc4129b74d5b4d98728eefc4decea26775273df0958594ab0e78f983bba636	451ea2f61e397dda37d09c435d81ad0d9a878b9857944ab8c3d02183b1493e25
SLICE_X15Y25_zini_D5FF	SLICE_X15Y25	zini_D5FF	derived	f350e701aff4ebc0709f7d087054dc3240737bb87968d0378e119faab679b79a	2d5452eb27c10c0a3707c5644743693d3838f274c24e21473f80653541520bbd	cc042d9cc52c526e686947ecb6455d88b13fbbae223544d4ea086a891a34903c
SLICE_X15Y25_zini_DFF	SLICE_X15Y25	zini_DFF	derived	d27aab5061dc0b1681cc987dce7f4c4bee1c6a4f77e2729b5c5694200459ee89	992cf929c6596e90295eb230db7309a73bf142399b276a248c5a133bb843fcc2	b003942c8036a81769505f2dc70dd896cb333ae3efd66f3f203c77b27ef254c6
SLICE_X15Y25_zrst_A5FF	SLICE_X15Y25	zrst_A5FF	implementation	4064ea69f02f4b73ed5a55c109d657a93d6e6a0c6da82e4d6a203adb9d861056	ac307f34cb994403df5c82563508a9007b6c7bd70c04303aaded30bb4982eba9	779fa6a9661b9cbfc07fe2128ec7d869ae5e3a7ae9a6b38dc906364a9ec2f99a
SLICE_X15Y25_zrst_AFF	SLICE_X15Y25	zrst_AFF	implementation	527256a8e11e2471ec7fc242edcc03e76858850f965f102aaf43b275eef1609f	b9c76bc067782395c92f29d86aee51640d621ca304517539ebf97a17d2172917	1400637563911d125f0ae87c63f9f190b8498f58cec4a8e745f341ea3d38ee58
SLICE_X15Y25_zrst_B5FF	SLICE_X15Y25	zrst_B5FF	implementation	aedb57886e22378234df8e9a2a237a36896335cba1822a473a91b20d68760469	91253d5755630d64103085ead0c750f63d5285ee7816006928fb5c1bb67afe26	855deaecc884d349385a0339dbc3704c48f5fd84fdefab39ddc260a684c3e943
SLICE_X15Y25_zrst_BFF	SLICE_X15Y25	zrst_BFF	implementation	c3010b5b9a32ec4482546bcc3f73d8121033a3dea2d95ef58b15c934b9724ef9	a2bd3110a348c1d83d5d110b2ab33ced851c77882eb83759488e1de5743acf8e	5566f2dbd9140a8c43a52b89facacc1e3d328691101620a26e259d12e47736df
SLICE_X15Y25_zrst_C5FF	SLICE_X15Y25	zrst_C5FF	implementation	1f4ba6daa278bb0a70e9082436341c870a1ba9e472112a002d7be94033a50801	cc0ab84c51691afb974ff30a178f9da72d6e4e8def3b25a1029938aec4fecd90	ebccbb32e6892e7c63fe2271b7baf5163577afd6fac5973a54fc64b293521c3c
SLICE_X15Y25_zrst_CFF	SLICE_X15Y25	zrst_CFF	implementation	2c5f0be4c279f57b1caec7571639e703846b41f6c34027c4db08f65a3e5a46f9	847899dc80ae102df7cdb822b534dd12a824bbca75ac92ce977f50fad657f48a	d6d8f3fc5491de9681bda70b8154b06cb19843d32dc39d1d5f0a25a8f266f8f0
SLICE_X15Y25_zrst_D5FF	SLICE_X15Y25	zrst_D5FF	implementation	7650b940230bb45e676d6a661222e212fb664997cb4df59e47e09d750b1f53da	230347d85b413511784751d78748e79bd1f716ee8f04c6b0be875a9937adbb82	dc35e1d54e022aef706183ead061f0d786604476f64d366bf7355ef2a52d25c4
SLICE_X15Y25_zrst_DFF	SLICE_X15Y25	zrst_DFF	implementation	c5c3348e075e21d2d42105af46e1430444d5cd6ede275e632a7c08babe947900	6a33b9e1585ffd5ee44c2d0e12dc4a606d21d4e25dc6c2b8308d14e7d6664ae2	cb1b673c3467a0dcf463dccc073eb11e319770ca18bfbf1e4f8c1bdc338dff1f
SLICE_X24Y25_async	SLICE_X24Y25	async	implementation	ad97b302ee77caea6cf1d013e89e703c830cd67d37c05cce87385b2fd0306635	468a3302891797be2b47980f7e15ff70ae9878310ec7c3140d1a3e38377b4fc6	e06c5de831823fc25cd138048e2e7bda8fa7928f158f33241c72df004429f4b7
SLICE_X24Y25_base	SLICE_X24Y25	base	implementation	710feeb71ed87e6c9ad1a116eaf7d4bbcf67d94fec631ba99f6613f0debf83fb	673eeec454df8f915ce4351983e9da8efc41eb164730934148842282a663febb	0af0ac7b5b00768dbe46de78cfcd029b6824748c74f873e3d5b9b12125f0b469
SLICE_X24Y25_ce_tied	SLICE_X24Y25	ce_tied	implementation	6b6242764c64a6d1f1736ec9fbbe2ec6914afdf69bfaf21f915d76cd4d78e57a	115014aa29af3ea3981808da3ecf2dbb1c98686fd489dab365f30c8af338e948	3c45fd7e6463d49cad21ac5844c3044226fc98c7a9c3415645509bd2a03d850e
SLICE_X24Y25_clkinv	SLICE_X24Y25	clkinv	implementation	1d26cb03637770917caf8dfe48180715ece84d7fa75d6fe199ae4880edeea8e8	c2ea587e076996bf7cbbc9b3e9a37390eb9ae103ffb55ec2068f082cbc63a742	4ce99eec8239e5d66e3bca14e204c7407794fbc0b84c8e23e470e00f7d962214
SLICE_X24Y25_latch	SLICE_X24Y25	latch	implementation	e503ed3dae9fb83c120fee11b7038a7e54b6c63b81f9cf4e2588d3d240c628ef	d563f3c59d71bef5631154050346686c3ed2502c98625a9bdc1288e2303f9386	6ce36daa4095073bda9e60192dd1841cf5facf1cc7ad5ae495831e73f3c48203
SLICE_X24Y25_latch_base	SLICE_X24Y25	latch_base	implementation	9920cbf5f175aebf9eecf046ef4d24b5af72c88faf164c2ade489feef730a4f4	3c8edb23c6d3dd11b78bc1cb990a14bfcdc54a2fb9595a5ce0957149c2c9d53d	6fe79d6686d2e005124c03d26db8d37491eac51189d8a0eb19ccc43c8f4f6d30
SLICE_X24Y25_sr_tied	SLICE_X24Y25	sr_tied	implementation	517b604cebd3b7ebe590a75e96b55be39ec63923cc6fd4300026844084f26089	3b5fd3608c383b87dfa3170d7a2c63c60fb8467d9288b72f1a748936a8a7b58a	f85ef8c7aac210c83ae061c00b421522daff229686a52e4832e4ba3a4e4e5d46
SLICE_X24Y25_zini_A5FF	SLICE_X24Y25	zini_A5FF	derived	93733684e3f2fc4575cf75e93a2c32980cfc97a747ca23ac23cbce23b854c7de	5c44b5df61cd7883bc79742717ef5e7528ec0c99a8427c3acfc0d2384fdd6c2e	40f7e6dbf3ed1fd70f01419de7f8d81ac816a11f6580f2a94f9f316c70cfd7f8
SLICE_X24Y25_zini_AFF	SLICE_X24Y25	zini_AFF	derived	fc4ffc6ed1fcd3345eedd96d42da1cbdfe677a0871ec4a97f57b1e68da7b66cf	9729ce20dfa88ea78b7da689bb636273c58efa1766f7d6663e4e2de58f789dec	d413364c3c00515771f5bae2d1c2f4e42d6edcf6e69b2e47caf66d0d4a4c473d
SLICE_X24Y25_zini_B5FF	SLICE_X24Y25	zini_B5FF	derived	99cda1e648f76703036fa7b7b8be88ababa3e4febdcf5ce284be3df211eccd2c	072028e6f80345d5d1d322b868fc79044b8f0c550ecea8e9c4fd7a14ccae319e	e397458d3dc90968b445cd21fa569f0a67649ad6adecba166166b582afea5926
SLICE_X24Y25_zini_BFF	SLICE_X24Y25	zini_BFF	derived	c95a5d6f2a7bc879dc2dc2e76a4f2a0420cccd674c0d3a5abfc0ac5640dd6b88	524c37c237f34cae9ec12052d6f7da30c1bbaac45483eabc87ae9835145e8789	3fe7b6d36fb80b643348078552e7af4a6f817e64b091bb80810f3e85709cd89b
SLICE_X24Y25_zini_C5FF	SLICE_X24Y25	zini_C5FF	derived	b1507523c2c694c24666f70468b349fd1cc08ce1e5e1583e14b72a8ad6c8dbf3	a9c70c9e85ba0f39b07626a0c536de89342f503722209ef85783e1f58a480058	048b5d9cba8079e416ce9bc608e5cb56738353dd131747983beffdd6700b3afe
SLICE_X24Y25_zini_CFF	SLICE_X24Y25	zini_CFF	derived	28c3939274957deaeb495f475e02f6a25473efd6dfdf8ea9bee26b4e0089085f	87f92ef01a60d52ab03de126379f627e738817109d6fdeb2031b064210c6c5bf	4ecf3b3304169e8a0dbc92d4e9c17ef1a82da09a2a35d3fded97b0fe57748441
SLICE_X24Y25_zini_D5FF	SLICE_X24Y25	zini_D5FF	derived	e0e40fdd7caab7914830912f762c77c742d3a60092ab9c848444ce729ceb59a8	36563003ba8c5395317d70cd06503be4b78b980c99d13fe212dd589e042d39a5	2dfa07f2b47da70506b57c363753ff25ac9aa3c28ddda2cbf422223322122a6f
SLICE_X24Y25_zini_DFF	SLICE_X24Y25	zini_DFF	derived	ad64484cee32e6dcf51dd331cc377f902b059fd769c624f153c9e095ca26c2b7	fa2683c1c7e416e1d8b202bd3186df67d29d196697cff7cf3d0c4911077858aa	dbd4cf375c478dc571d1a7f2076dd4e5c9d1ad802799729e0a78d24cda81b0f8
SLICE_X24Y25_zrst_A5FF	SLICE_X24Y25	zrst_A5FF	implementation	35b8f07ba592ec3c89574baa81655de3af5eccf999037589d05b425c2b03186e	c5832860f20301e41b115702128a89fa0a76fa39b3904120e4f33c0ac5434c01	f7e495a6d48a6663b724651f04471b210f551a13a44d38ab74435994ce667ded
SLICE_X24Y25_zrst_AFF	SLICE_X24Y25	zrst_AFF	implementation	dc8130972322ffe71c83d8c7b2116ef6a730cd31603a1ee3b2903f3d1d67aa99	cabbe69a30df25ad8033ad02a033062b3bd1949a95b9151a05cae925ae2f867d	2087afc241ad84f6d007ad5143c4a01e11d36e0a2c7174fbc3f5a21a8dab97fd
SLICE_X24Y25_zrst_B5FF	SLICE_X24Y25	zrst_B5FF	implementation	a82bf15b0e2f1120214c949aacaee9125eb8c9a005e0b8560d6ce8fbaa3f55a7	01a16bb42f9eea0881c971d3451b911027eb6dc7ed0872e2408949f5ec088296	09f6ea9ae49e984a7a61deca35079dd82bd7ac4e00d5f64fc75461ae43bb2d23
SLICE_X24Y25_zrst_BFF	SLICE_X24Y25	zrst_BFF	implementation	a3b29f2e8caeddf9c718e16b40bec8dbedc4f49e061b7fc591f4437ff0497334	e7d6f01187fffe358277b65c8322829ccf4e9842b72de0b4dcf798ae6bf64698	dab691261864e0e5a837c0bb990d36049339506851236bb4e6af011b0b8935d5
SLICE_X24Y25_zrst_C5FF	SLICE_X24Y25	zrst_C5FF	implementation	2d2f8e7df9f8c8717ae6aa3c6cfa2cf58131d3f090b3dd31a05fea7ee010b425	2b0b9449327595b6fd139e49b6a1912c5a9b0ab96fca3ba487f1f42aa6da87fd	a78b359c15eff3d775d284ffb8c642a4f02eadc695091a9b8860f30c8cdcacd9
SLICE_X24Y25_zrst_CFF	SLICE_X24Y25	zrst_CFF	implementation	e91f20ce6a3b43c8fbca2553bce232283d8854653613718b4e7aca51eacbac70	7983adb9b372b45cf30b141758bbd3a3506eb0a9d35181abb095e377867f6a0f	2825a043ddd4f0b5e4238e921710d192b7e9795bcc36d008fb14ae3921401588
SLICE_X24Y25_zrst_D5FF	SLICE_X24Y25	zrst_D5FF	implementation	9f501ed99bfd2de331d6779d338f2d0cb1337b3a7b4582c7ed41c31a6206dd81	03104ed99491e6f90369fc99d6846c739575c20118180dc9735823d976a169ba	70acb7ebdb5274c0c42b47feb2f883116c79fd46c03d8e32854f72e45115e65a
SLICE_X24Y25_zrst_DFF	SLICE_X24Y25	zrst_DFF	implementation	2d1936e1133c21c89f7f937ac099eceb14ddcc6adc66c1d26cffa8c53f781809	d2c19b4aa0f27790801f1d152a02bccab1fa11c7c42180bc8d0f0ff8fdae1093	02f183cc262ca198a86241eb0615ccaf887ba8a743a270d0f29703adba0368c2
SLICE_X25Y25_async	SLICE_X25Y25	async	implementation	9bdbc95d39bc9f487984161f3dc510d3ea3b78cdaa805afaf8cc7474e75c6a93	a17b29f5ff9abe94bc329b29baa7e648ab0f4b108bc34bff4fffd82805c415da	8e31f87c1fd045e4873eff59c89d3ea7e77c3086d1bd58b1e439d1362325302c
SLICE_X25Y25_base	SLICE_X25Y25	base	implementation	0cee468090713579400c78bb2277afbdc1e92fdc024cda05ae43ffe96d3deb4a	cb8863568dad4548ebc5b789f0ec32fb8d284dce490653246c977e782af8a6b9	d5ea031e59f67084e5a36d5a0848eec82f78c9f786a2824fc4367e40d5af02a8
SLICE_X25Y25_ce_tied	SLICE_X25Y25	ce_tied	implementation	43421bd77aeb163ccc7afa39bc26b765fd1704d25c5d0cb31fb64b8c8957cd90	c35ce00c8a171be7923ed927462cef118acd22e2bde92222102a3bd3f0ffe5f6	8ab5ea927438884ad12394671ce86b7fc8c8b11839d5a2d1d0f204da45eb9feb
SLICE_X25Y25_clkinv	SLICE_X25Y25	clkinv	implementation	66d7b6d02cc46535964f6a39f9c168f523452403bec7d19bee76125fcbe8f8ae	4f3d2afa215b071ca12f7ba91bb6fd69f597f3156c9cd8245874d98c371a4d26	3455d6cba8848da784fba8fe099d438af11aaf7ba1b18d42cf91b0ab0e65f425
SLICE_X25Y25_latch	SLICE_X25Y25	latch	implementation	16ffa92558d7bb46edcf1e122c2cf6507e74329499d5283274bd79bcbd2b4b64	25560339677c2e746ea6002f715f565feb39f263da67f925ea1ac066f2776b48	63db737a9c5366af34b1192b9fe8da49f74e2b351a88b6863ef0c8c144b27851
SLICE_X25Y25_latch_base	SLICE_X25Y25	latch_base	implementation	1f7cc64dea90081c0a4590465e6a4ec4c82a22d3f466901a55c3237be7808f87	6b6cf9397bb1d2cda250d38e8e45cec744591eba3bc2886e60e4ddfca83c9c3f	090e689626bcddac600d5eb2d8bc6a4922184efa53f80fb21caff9d22eaa30f5
SLICE_X25Y25_sr_tied	SLICE_X25Y25	sr_tied	implementation	edc29d3f235c90de1d04dc9e1cb8ceddb3550b7c77c247fb3fb38c24f0bcd987	c99b031e238f8a7ea0b0917cdce80e672d2e5478aca1c7fa467018bddeb5d254	0d2f02805cdb12710fa6fbae3908d0efe3dc7470bda96507939839acc91525c8
SLICE_X25Y25_zini_A5FF	SLICE_X25Y25	zini_A5FF	derived	9d85d88de0899181ef76237d58092c58e63b7b64b0beb7927d17a5d5baeb50df	bae7eb29757062264b4714cfc1ea4f35cb1287b38284cb11df25283094d91dee	2245692f3ad666c48aa53dafabef20f95af07cba05555cf25d55931163c34074
SLICE_X25Y25_zini_AFF	SLICE_X25Y25	zini_AFF	derived	d10e5a73b9cfe7f27803dcb2e166759d29918adb5c12331487718ba0985e7a45	e2cf27fb2c577ef80e632349ef63f80256be9d36451444d07f7b33fcd8eae51a	65446b5781f369feeb39f32221570d46b311f679376471d544573fb22a948d24
SLICE_X25Y25_zini_B5FF	SLICE_X25Y25	zini_B5FF	derived	bbbbc2bd1cc91baa664692ee4efff4f44c8132c3e56df46d57a88a3b75ab72d1	3f38027a80d45e94289989161c0f186590df427ba4ffb17b3b05cda87b7424ff	ab8c257d0e136d584ccaa496a5b84aa244f776f4ec1521f148c749695538458e
SLICE_X25Y25_zini_BFF	SLICE_X25Y25	zini_BFF	derived	a54cda8f5de2f480375628d9300926d8d1a4819486cb832633a88e42b5f08d5c	9db50dffba72b324787a2fa39b2544696d28e9ef0f80beb43899e28dff50fc10	43c950b9bfb435dcc924b2459f223031823f5c6b3cf84fdc5074089a985b9692
SLICE_X25Y25_zini_C5FF	SLICE_X25Y25	zini_C5FF	derived	77b9230e3cf6e2c1ac328fd8b9b5992a889ef325cefa02758f527c517fd660ea	541cdab950107137fa26e81080192336d91d80eee91e083e72b820b157f5a046	5b75a1b9030eb920668fa83f475e6905a83fee252624f4420cdcf3f222252958
SLICE_X25Y25_zini_CFF	SLICE_X25Y25	zini_CFF	derived	be5a175cc15f8dff2920c74f2c3c9540abadfc0ac264408710d4906aaa6b96c9	d1174fd2192b911ced15a8a8a7f74fd72a6ad65948a51c8331ccee109a4f787e	ec906cb20af70e3f87121f69a5d724e83662e1c58ea90df557d5f1d2c57f8b0e
SLICE_X25Y25_zini_D5FF	SLICE_X25Y25	zini_D5FF	derived	c1b4cf3b7315e4bce5311206d5b1debd68b067bdc546ebd4c29cec90b85f2ba3	0c37c8a6041863cb787bd295af319fe65b26fc67777cc689eea8db33713fd740	485f8683ee04af77a2c537b4345db440fbc69460f7c4e976c28630bbedb42366
SLICE_X25Y25_zini_DFF	SLICE_X25Y25	zini_DFF	derived	218966e55e14c43e6c3b6cfdba210bdb50f362d3fb06b04e551ef4a8d8302619	8c8928e7013581e83dc834d61892890de198fa1a48a30b5225601eccc14ae50f	90afa9f39800638777579c630cdab2f4988d75d61eb53dcb8fcb04194a6c1c63
SLICE_X25Y25_zrst_A5FF	SLICE_X25Y25	zrst_A5FF	implementation	ba16e025cdb3dd03c1a00cbf49ace43794b16d7eaa8965556efac75d0af6e36c	f35375be9c17805a54d6faebb8bd77bbe15b25ec0842a76a22426869b26834fc	26422aac8ee6aa5a30abcfab49f4e3ad8f36b33e292ebd9a445ff901c18491fe
SLICE_X25Y25_zrst_AFF	SLICE_X25Y25	zrst_AFF	implementation	de44109e76381ca6cddf4fa01dcbc50170795eda3ebcaf79e4d9d797de57fc24	681c42970e116164f995b3b57f7f7735679c3229671034f2ccd54da027f73a66	6831e0878eae4367113a01231a8625956398ea6133bde81ae24b429ff450400a
SLICE_X25Y25_zrst_B5FF	SLICE_X25Y25	zrst_B5FF	implementation	ac3ff3a94105575cca57184390305c5a2c25d100cd117e650c8059f425f9bac9	a48721122826264ee879cd8bb86045c3485935751be883b4631aa55a23444635	11759c486c2f0b0f6f1ca9177926e676b7c183f6ec342b2ef42ee21eb2273d61
SLICE_X25Y25_zrst_BFF	SLICE_X25Y25	zrst_BFF	implementation	5c4fcf5d681273cec3b1b23ea7f13af2795111e2ae65fbf52245936ae71df3ab	a225ca4244f008060894b6a83179748a394d2518844b4b53de28867e5db45c96	26e5ac72632d58ad15f77e5c271701116b53ada969f9c887aa6fc0d60fb1d055
SLICE_X25Y25_zrst_C5FF	SLICE_X25Y25	zrst_C5FF	implementation	136a66865ec7ddad7da96274f79f33e4726ac82217a1657a0f544ce7d0906676	d4ba4fefb6d03563928ff1b83b45c3e8ec6093f072073a43b7f593348ea9aead	2e0b49f967d1f5a0793b49b7b2040524995e576324045ee942554f81ef94edd2
SLICE_X25Y25_zrst_CFF	SLICE_X25Y25	zrst_CFF	implementation	cf3cf6f4f3c92a7f2332280638bb6d3cbb9c6d0d9bc49d9120747f6fda22a694	31abaf204d64e19848dd423936f41b73e9db6b58b9cd0dce0cfed10a4c224b4c	3941488e272e099ba5198fc5b56eb6688922eb3778d8a8d15417ff6b8aeaf61a
SLICE_X25Y25_zrst_D5FF	SLICE_X25Y25	zrst_D5FF	implementation	45825cfd50a66b556737a72bae7c20f6f26e45176c38a9d741b35ecc22edcd5c	fbbfde104a67f64e36e8b1cfeada745ddec3020126f5293e815c28c6bcaa441d	b51559cf78bc0c29c5f0550b2eb75d321b6313fd62aaeb863574a19dae2ce11a
SLICE_X25Y25_zrst_DFF	SLICE_X25Y25	zrst_DFF	implementation	e30ef2a2c8379bebe84ca72b7f40572ec129e78c6172f5f0853adb29c7915ea9	bf8d604c4fa8e3e44c300820e84a97e141472ba1778d34d201b0d65588aeed0e	934ec259484bd5eb4fc1598f5484c360a45f58391896f4bb145ad836275bfa3f
SLICE_X2Y25_async	SLICE_X2Y25	async	implementation	dd2c140a63dae36235408976a574d8c2f9633d5f5d4a3a126266cc3b3ab8f985	b5ed53820cf2101f4f8eda5777aad1d27e48259e4ff22122d8d0a0deabf440fe	e5bce84a89d27946d16ec6ae95c2d65106242d4c646954643b9235605dec5f62
SLICE_X2Y25_base	SLICE_X2Y25	base	implementation	6136264c1d27457e3b3a2563554e966d9d929d69a0d719ca14bdcfe71669fed5	40b859e243818ce63cbfb4370b5c6b3b338cee718c3f9e4f2c31f4fa74ebf9dc	e38c9cdd12b7cbf91ca97ea91557fa5eac1dbe8a5b2ba11de0117c717accc623
SLICE_X2Y25_ce_tied	SLICE_X2Y25	ce_tied	implementation	294fa56218ce210f40fe5b6a6552e1db8812abe1b10006ff54fe7fdead9fa361	3e2201caed718734f190821356fa5556648d6a90ed5fb0fc410998848233b6e2	35bafd1290c0c7a35b4b6a163b07c1cbc931e536f5026b19c6f3b4d4739558b0
SLICE_X2Y25_clkinv	SLICE_X2Y25	clkinv	implementation	66cbd87eb44e58490c2d43e2688246974ce48c6f2a4b9ba7b3488f7548bd3684	82fca2d677b70d13458132d8ea764e77776ba5379de077802ed3ffb03e7dcc57	a9d6cca296c90e3047d4b42770927776aa5685670d7114e2be5867d087024552
SLICE_X2Y25_latch	SLICE_X2Y25	latch	implementation	cd2105b61d37e8087f81e49ef18df7fd55bfc331b6f9f6e8010f57efc81e0624	774214cafbdcded45a39205b3d06156eec89f242b39afd018d66c8f47030be47	fcc499116a311f6c29ef9cad8ae530f95f0033d5d62d1385825770f2963daca7
SLICE_X2Y25_latch_base	SLICE_X2Y25	latch_base	implementation	41e4a6aaf0163b4caff01c330fced7bfaa6e71a302ae9dab7f8f838aceb89aed	d9ca9936fadc8f429599d546c744d069a5e4c48193fb5b879df6ac8b08a8675f	56a537f39ffddf679b707098e796b04a2f1051312822ac173dad524bd947e8df
SLICE_X2Y25_sr_tied	SLICE_X2Y25	sr_tied	implementation	5a45918ae50dfbb483547bd1446f5d9801377f4250faae1c2602bb482d203c3b	f12a6f726893d9ba3d18d4a4bc970f49c378e91cac4b93e5a2d6a7f936853116	d69bf7c96dda475982a76c87beb3ececfa5a49ada742623c320b478d8afaf963
SLICE_X2Y25_zini_A5FF	SLICE_X2Y25	zini_A5FF	derived	6b3ff8b019c37439e4d8bbac430072dc987033f08037711cac44b4576247a8a4	c1a0fbbec0654583bd648c0fced1fdf0dd3c6eb4faa68eebc74eb109c5baa2f2	ecaf9ec9dc7d04655cc849d9229bfc457fbd0f8445227bd64f2fd8ddc1db8dd6
SLICE_X2Y25_zini_AFF	SLICE_X2Y25	zini_AFF	derived	12c097c8fed83abd84a4b06b72978c6181658e7e5d564e2fbc1a78764ba94554	af69a98225475e60247f1ae97c6a80d091cfa084f2b877b0b2072d7c2f318906	1d0fa948c9b41066a0cc314c643dc87db9c958a1bf9477e490e4a5861bf1fdfa
SLICE_X2Y25_zini_B5FF	SLICE_X2Y25	zini_B5FF	derived	416821c312354d44e761376dcc489c100f67bd335ac5502af5ad086800d7d70c	e3baf7395bfa65d8205df4577ca2e729f28639bb5aee833c8e8728c18c40cff8	1b84c1cfb0fbb9fe45e254a704d5e7a6afc902a660b9151cd9e367738b543dca
SLICE_X2Y25_zini_BFF	SLICE_X2Y25	zini_BFF	derived	8fc94e97e658cd293912417920b1a8f6455cf34cd948f6c40d2d1987648f3f8a	004cc51c1e19c16c56b9d6f2a17541e945d7fedbdcf7a50f3d870e063e73fb10	ec94c51574a5206360c4fee7a3f822dfedda3ad61569cd686dc3c9972fc27a39
SLICE_X2Y25_zini_C5FF	SLICE_X2Y25	zini_C5FF	derived	9ed8be1c3769d97746861e9baa36ef507738ecd9fe0479a92f7853b223fbab37	84e82ff785113893e3697c17475599f5de2943e0772b0de1530f1f74a6c5407c	550071bc8b8aa6465ff63c9b86f15f71b49ba22cdd1d148129bad70f30997235
SLICE_X2Y25_zini_CFF	SLICE_X2Y25	zini_CFF	derived	f7a7b5edf144d379dea4a1f7db5d23c15b2282c7388e75817cc59348e4cb6647	548bd2b0822f7641599e65cc85a39ea477e615834724a5a085de631cfbe01dc5	4d60143811d965159450ebca65220d468bd027a6d72ffea37221a961c6263474
SLICE_X2Y25_zini_D5FF	SLICE_X2Y25	zini_D5FF	derived	27fb0c017c64de7b27bcbe85c2cd52084d7a10ddc25f4f9b3f9742ced79c498f	b9f17c3bc8abfdfe2466219c98beb82278f5a1224076f573ffb026db5f73686b	36e77267c9c5744542cac1bda65a5cc8dceeb0533a72c1e3fe1b87bf0f3ceff6
SLICE_X2Y25_zini_DFF	SLICE_X2Y25	zini_DFF	derived	47ffcc81e404fae9952db81ff25a24247a75ac96aabbc5593d8d285021995cca	8aa6d59d9327117691a59eaf41d74debf2e15afe6246fb3ed5ff852d75171a06	b01626e63ce1f161878d0b49acaf64e4bc7d0878f79e4497f8901dd65bff78a3
SLICE_X2Y25_zrst_A5FF	SLICE_X2Y25	zrst_A5FF	implementation	dbf18e9fc1f41f04dc71afe0dec2a4f9c06eb3ba2203586b8386d31f6fbbf120	c1dcf39f11fb63cbdfd7d88db05b838e4637bfbb7fcb3daba862d3fca755ee51	3bc409b5ce5b73fd462c19c1cf7aa9e524182d96eb2bb32d0a0de38fa717994d
SLICE_X2Y25_zrst_AFF	SLICE_X2Y25	zrst_AFF	implementation	93770c4e235ebfd114c9535b3f6648aa577f70ab3f4fec9e130402115a858fed	d36dfb839cb9328c47b19ff5516d8fb9cccb600e36f2ebcc3fe889e7a6124753	f7c4a207522999f2d1702e2a3d09a4000606089a35d1dc926e3f64d2bb1f70c4
SLICE_X2Y25_zrst_B5FF	SLICE_X2Y25	zrst_B5FF	implementation	5e4fbf9cdec36111e5d34bffaea2e226eda42a35b0b673b44b443e6a05fe80c4	8225813c002acb70e59ab18dca380e73483443eccdaa4e81905b4b91f4b56a5f	42b47dab95b166739c00e53a357d88c532c8883cd551b4addfa08826bc4899f6
SLICE_X2Y25_zrst_BFF	SLICE_X2Y25	zrst_BFF	implementation	97eac596a8adf0b31eaed69f25c7b42f8fa12ed14315be4379126c9cb770ea0c	c7473687d3a37b7974e312f427c33e17a9da9efb17b0a1974e307d028ddc5202	eb9a1f9e48a338642854e69750eb8e2cf69e33893dcd5f4c26fbc87e2785f4f4
SLICE_X2Y25_zrst_C5FF	SLICE_X2Y25	zrst_C5FF	implementation	0379321b07eacf4e3704d6bb27d17a88bf2e234df0b53cc860f251f835cefbec	27bf0f1c25b286b656a265e6dc65f1bc6824937fed53b4440af276851e54dd9f	db6e5597fb335c1a9232463480fc3beed79e1f7e4e4b149b46e9a90255b0cb17
SLICE_X2Y25_zrst_CFF	SLICE_X2Y25	zrst_CFF	implementation	bb4ab02087d5fd0b9a48c96308d120e645134d381f27ade13651aa10a2acf1ba	c583e6f9cfb1f93c336d78a35a116df4ce24e569747d47070fea8c3c11a50121	1081565f1ffec6ffd20fe1e37b26b7e53e5f30f9a8aa0eedf7b464048d8794fc
SLICE_X2Y25_zrst_D5FF	SLICE_X2Y25	zrst_D5FF	implementation	b34fae5fd6d082d471dc8d04e8f022759e68c2f499d56ae25281ad397725f50d	fe7c09accd58d3d72a667b522ba714d719b1d7d8b8abf52936bf10cdbd2dc52e	feca2fa71d0dee0860d96b6e15b6e892fc2ab77dd2f6a376514457073409b5b2
SLICE_X2Y25_zrst_DFF	SLICE_X2Y25	zrst_DFF	implementation	6e9c0769599de45c3cd54a830492ed40981d43e15a042756458e94652c54f640	2b829075c7d5138056385c003647f8218737d7515cfd005a53bb9f56d4d1d8db	dc9eff76e54964efcd2a55fe94f4ef1a707ee936f531df588eda9dfa6a555c6b
SLICE_X3Y25_async	SLICE_X3Y25	async	implementation	93f8c265778f5e2467f1636bb2f14e4dec4256529765ef6b7236c0725aa0207f	67f02345d82e6dbe88f2748da6f07571bf0aecc683cbceec552109bb7072a294	8d6ba215443e5ad28ba37f812a36722209b56ccbcf95a0da1d14578d0f80c8b9
SLICE_X3Y25_base	SLICE_X3Y25	base	implementation	b6ac5896a742bb0b7859d444a62a8476d7c8d49d9cfeb321fdd401a399df02a3	8fe7559cd36a2821b17e2eca7f75a163ff58cdbb1808c703aba149a1d5a377c4	2272a05b596028d63248ecbce7cfc8c94f7e16f8f9a3813f56d608270e961e98
SLICE_X3Y25_ce_tied	SLICE_X3Y25	ce_tied	implementation	82e98a2309d5d7c1224c4a0c462b9b565480f7cd19dbbdab469c2cf9aea4d73a	4832319afb542a213d648346cf496e4c01edde7bd2dd5b15efc10be07067a2ae	6e1f16e818f2631d83248cf69fe087bd56f785d3c7dccfede48daa3fa479cf98
SLICE_X3Y25_clkinv	SLICE_X3Y25	clkinv	implementation	ce380351618056cd2bd762477d74eaf7be92ae30e1bc626a3fdc2e1d1eb00b18	3b6f576092f415d616e8990ed0de25a98eb42fd565ce75ba36eb434928b72aa3	0dff22aea4f7aafa6df0285479fa0080afaf42f68571b7250170fa248c556c65
SLICE_X3Y25_latch	SLICE_X3Y25	latch	implementation	7d23d2843ae6846f8eb235f9636f19409708d6d59ba95cd6799780269edc02db	5b4d3935267fed84aa6b7df5b4c32e318d9fabb459e5e8a011d8a686599d8ad9	eb37eea587201428753a4287bfcba882fafe7e59d611bbdd9644e0dd15cc3d27
SLICE_X3Y25_latch_base	SLICE_X3Y25	latch_base	implementation	9cf07c3f77baa659f2b220f1a719b6bfa32a63b9eb3dd6e7bbcb5db7d9fdbba7	fa32fe58292c9cf733fea6ed994698b2f1785e50e78f567b1f5d2b2baab379c6	1ccf990ccb11bddd8546dd617274b51b72d0f65891b37d205ce48aebf9d2e05c
SLICE_X3Y25_sr_tied	SLICE_X3Y25	sr_tied	implementation	7d678a8a9f144ffe3a7f90b5eb604761625227a972a67c1dfc874b7658fe2c47	a8730dffdcfc4313b4e16e72c05fcf9b93d82f009d8f2710baca18cfce8e11c7	c4e62ce0a44adbef974788fe40c40f4e10722bf32f8388ace42b0203acd8c50a
SLICE_X3Y25_zini_A5FF	SLICE_X3Y25	zini_A5FF	derived	53a6b878f0ad1a1b17b4ae11b4d69350c2c3867f0a81813d69ec43dc9337cdf1	1edfff496b701be319291edd4256dbf9292fefa4235356f3762f286db94c70b6	a40d4486f52fa0e803bbea85cdb073ffe1602472f9c02de34c68936855e337ae
SLICE_X3Y25_zini_AFF	SLICE_X3Y25	zini_AFF	derived	73064d529f450c99db4e65ef73619f6a6c8486509d211f033959c81349e16097	7c53823a34ab155b0723f38f529606509e6bc4b4b909f5fe0a01516199349a07	a6ddaa8eebe2ac7b7fa1f4453cfc534a24160d472fc1d04ab56826fcb7fa3ef6
SLICE_X3Y25_zini_B5FF	SLICE_X3Y25	zini_B5FF	derived	70e8245850084b83ae8908b211041a5ace3d7637fd4a3b9bf6a1d8147595e9af	0b882f1124c7387aa894982393205300f028eacce9a4037588287e35364b7e0c	f37c0178dbe1c75fcf1a22b8707a041d462e53e8f2b7ac7d1146ab0c65c581ca
SLICE_X3Y25_zini_BFF	SLICE_X3Y25	zini_BFF	derived	60d4070fcc41eaaa0b444f52e8a4449e94ea174bd5c91e31e64fa3145a94c7a3	ce07027b9cbd1addbf9ba460dea7a7d2cbbac0f3665e62bbfc28602d721824df	37ee572a1c38b463d51b93170307c05903f2839025bf1f8a82edc80473c00aae
SLICE_X3Y25_zini_C5FF	SLICE_X3Y25	zini_C5FF	derived	6f9f5cd6711d99f2915d613d0171d9b77edf638e292753fa29c3d3aa399bbe4f	2103dfbadf699abcd40ae94b0950f70bb79775b5ad74a817b3b943da4981748c	706a85af5b68a7c0dbd5bae9b482f8b97e20fd89da2ab7ed5d0aaf7daeff1e7a
SLICE_X3Y25_zini_CFF	SLICE_X3Y25	zini_CFF	derived	237b6af8535b2d31f67a91d66ac8d7592881d504d95402ed7d0e7f0a419912a1	7fc23fddc24008721985a2a8a2846956281e1d6f4e26d92b6b09bc4a5eaebe5f	9e65ecfcd757f1546c259410e2a62cac3600c0fe14b5089c6baefa4ec2b2597e
SLICE_X3Y25_zini_D5FF	SLICE_X3Y25	zini_D5FF	derived	44a0366b60391d3e6294e56cba388ccf38260caf63c310de3bae4aa11d3f14fb	a7e2b8373b2015b5886f2a44af0e0bb243a879c670e55e9775ac9629da402836	0465ce93c1171fa4a02a48faa89689e52bff81f0b6db5ee74a7168e994f2d563
SLICE_X3Y25_zini_DFF	SLICE_X3Y25	zini_DFF	derived	8541c007a79d2833e277e763b2ec414f3cdf932f326bb9168b7499990d362b8a	6859bde4198613c710bc015d8d4368f43de62e5e24869107c8b9eac69c608d9d	683cfcbb65df602ce555c9f7e6b402be376aeda41ea74dce4d909468ca6c8192
SLICE_X3Y25_zrst_A5FF	SLICE_X3Y25	zrst_A5FF	implementation	00eb79516111c4b51336d33675ec083cb87bf6f7bec6b1b18d94712bb1ea412f	a537d08903f116779c63808bc9815ff97cc12dfaa68b20804f6c079abbabf67a	6fef77aa286bf619c7e16e6fd45825f8b346a526923fd0cddfa04d6d6954f4dc
SLICE_X3Y25_zrst_AFF	SLICE_X3Y25	zrst_AFF	implementation	a4c9bfd8ba984791b46f703e84d9823ce618841ef3dfff6d4bc1a5569e503f39	a07b8a1ecd1fd0d45b075efab048a7e66ac88de1b1fc165433833beff44aa9c8	b1f551f131725aefb32665be639df701cac02fa220b3b044070662e5720887f1
SLICE_X3Y25_zrst_B5FF	SLICE_X3Y25	zrst_B5FF	implementation	3412c61eea63bd7717fe3b6e84af481416f7878d4112cb002c3409709cad0948	562dd1aa2693d26d9d88b2cb3095d4b05aa6f2286d1bcbb5ffb1b528a8898716	6072a6ca0b3ed78d220a9b3055071d4507b340ebc8c950028bbd6c83e5b051f7
SLICE_X3Y25_zrst_BFF	SLICE_X3Y25	zrst_BFF	implementation	71472d0046dcd04571b05fc0eedb1d57ecaded27223d8fbd459643f994d5f96e	1a6ca84acf62c355f6b3bd71d86559b03151ea44120aa553102179ea7076aa34	a73c7a2dd9f57a3c8e65900ee7261e1f6124ff0cd386ac38c91bd4489410aef6
SLICE_X3Y25_zrst_C5FF	SLICE_X3Y25	zrst_C5FF	implementation	a352379588df6bbf9be4d9c26c46bb597d48d533623c2c5ecabdb326223db4d3	271d234cf8676b66793a297bf2cc899da8b17adb6df03776e3eb12f4502176f1	9244b2c4d15fcc43b78c0ca37c50c31701ad6f8f04b90d6599a191134f342a20
SLICE_X3Y25_zrst_CFF	SLICE_X3Y25	zrst_CFF	implementation	a7a060d92686afa138650162fbd8c8dd9da2ff6c654c96cb76807fee9979461b	2ea24d4b90e362e6d3c94946fc4213984e9b34f84cdcafbf856f6471bf29b904	4735e29e34e26b2d6901d5b61fcd68c640cd20624def885e266be56e516ab8de
SLICE_X3Y25_zrst_D5FF	SLICE_X3Y25	zrst_D5FF	implementation	b5139664858d206da0022e1373089fdfcebbe4ab992f1adf8ba3ca2d6f258591	7b941ebaffb285bed8a7045e2f07cae55e8fc909dc39584b8423a1e6cb9fcdde	3c9444e2b557503bef04272d6cbd0b02770c05a974385b3f7b258edc9f95fa90
SLICE_X3Y25_zrst_DFF	SLICE_X3Y25	zrst_DFF	implementation	441a214d0f0c896e297cd1ab5bb94b270996360ce4f60d0d34b292e328b94468	4725fb4206b103e3ffcff28e967ebc0d3c1147edaeceadf9c6bef22be1ce9caa	662dd1f9bbac194d7e2115e6339188f6564425aa97d737c632b98a66f4f8368d
SLICE_X8Y25_async	SLICE_X8Y25	async	implementation	4465f63984e998ffb9c584e2d0e61aea82b807d4c818f384c00eda58a3761301	203c0555bd8310ac5070c9e09d824dc0ad8314ae75792941acc8d7dce6a75f85	b94d2710fb6c8b28b7fbf6e8f58c9a22c918738592c58064fe1d5c2d0dfd81ed
SLICE_X8Y25_base	SLICE_X8Y25	base	implementation	7f34d764c25453963e1a0569a934db5a4694a9ec1742f88f75f3204f5e3a785d	56125294880064945c56a2c60589513516b9c2e530f7870fd68f3df2f6986014	481f1f51c29ac49bd744e3b25f4ba4edb600591e563bc5b8d956af3fb1c71690
SLICE_X8Y25_ce_tied	SLICE_X8Y25	ce_tied	implementation	c7b55813f267b5729266cf8c1335419a9a0138ac43115bdb42dbd6cacec456a0	bfeb3cc6000fc8f66c84eb24ba2af8fd8bfda367b502c2f6ec38043b8c351f72	552899b971c0af393f2ec49b3807a0528df35dcba1f6f6be71de6b9b33e3fd41
SLICE_X8Y25_clkinv	SLICE_X8Y25	clkinv	implementation	526682a095e04b7568b0728296e71dd6f77256dded3ba15b0bd62e71b728db2d	294099b1d394d3d753e484f3a59dbf730b082196637eb800b3102caff3c760fb	9d70940ac68860589b898e841229054f054615e917c639062bae770c0f4d3653
SLICE_X8Y25_latch	SLICE_X8Y25	latch	implementation	6772947aaa6f290df05f57f0c76b01969519a76b45fbd7900b3a1f5f90e7b75e	60762204121eb29ef1e803177a991f8e3323e9effd194cef2b7ef6e7c4582f1e	1cb1cb6356dc04e196415732717fc9a2700a9d742d69e45872d305c470818034
SLICE_X8Y25_latch_base	SLICE_X8Y25	latch_base	implementation	322e0842467cd4557cf02a7b7304358ec2cabaa079468b500ebcf7b829ce78eb	58e0c7fa823f96d14c75aa2dca4161e8a7eea8d611eec25a3766f25f0cd5cc70	d065b5cdb3e7e482a2d140be1fe688a88282c25045907e780be42e4e73c55500
SLICE_X8Y25_sr_tied	SLICE_X8Y25	sr_tied	implementation	16b64310c46e311503ec25869e4af1799a42555ebf1b06637352c1515d2e4dfd	aaf0a5c8c0dcd2a3ddb901a010c8873f563c273974d66666122c501322281e15	8505c81beccd73c1ae62ad570504378c92c9361610766df7c10a9bae14828d54
SLICE_X8Y25_zini_A5FF	SLICE_X8Y25	zini_A5FF	derived	643c369295beab25f7ec3adfbfa938d491ea00612d18400c9d66ce20f52c8daa	6c320bd29aee1c871af2c01ba7b9678673143d7f3917e93e332f33c52b07be8e	dc714ecc1c4701a21850dcb8f2ef6516c814b5134be567c3d48a2e9841d3cd10
SLICE_X8Y25_zini_AFF	SLICE_X8Y25	zini_AFF	derived	60dbeba32c83b88d5cba1ceef0f1e39db0ea97f4b561fb166263b49cb1a58f98	06ca20349fa007982a94447c11ce8821aa1c1fddd172d4b136b131dfff6be356	b639e8335bdee9b20ff73810faec39b9b6138efa19c0263a5a6b88062d32385e
SLICE_X8Y25_zini_B5FF	SLICE_X8Y25	zini_B5FF	derived	23ed9fdfe1db7ee44ae6945821094f63aa8734149541b6c3ae9066328a899529	1ffd849ae268a0c3f42d061c38cc0f158696d4ef209138a32fcc425b010736b7	e6dc6ef11ed19c47fdf63c098c9b5a9d2b08aa1e8027e4365c911b4c6dd83c07
SLICE_X8Y25_zini_BFF	SLICE_X8Y25	zini_BFF	derived	6724687462b7d06f262c147e6d3a6b55ab7d946b68423fd9e03b5900bcf28c7b	4d1a467f7dc95a63966976f1fe44e506f3b570550ec71ef7584a61eda661dc24	c9913d06c0b656367e83b5d5fe5e41b52888b6ad7d71d44f729002055ac88bf3
SLICE_X8Y25_zini_C5FF	SLICE_X8Y25	zini_C5FF	derived	8bcedcd9944767558fda28421dbee161d2e224e158345369f82af984a3213d18	408e7b6886f1b64bcc8922ba859a6817bf5104f021c09f46b390f04c2a01d80e	ce4bde1d2058e9add3d8980c50f64df465566dc3a0cd4296146ac75f0dcb53c9
SLICE_X8Y25_zini_CFF	SLICE_X8Y25	zini_CFF	derived	0b4d554cb675fac7c7d313fa29dabe2c9fc2e09b4df803d6be3d2812e6410cf2	2af6f9ae1929964293051707622d7aa43eb944369935482b60dd8c7dff3dc2ec	2b477931a1bb906f8a105c27a95f9735adc10115d8c817a6a4be5c25a62ebead
SLICE_X8Y25_zini_D5FF	SLICE_X8Y25	zini_D5FF	derived	f2266310da68b9dfdb429b929601b2e93b3b8c7017d477d6b5bc434a2e14fddc	544e2c74b589661347ff20f51ad089093e6af803923f3159ad04449ef9467227	5b668ceea0672acc9b8fa982d56d32930f13fa3e2092b7672ae460f7237ca74a
SLICE_X8Y25_zini_DFF	SLICE_X8Y25	zini_DFF	derived	117aee553249fe38b93a68afc0c1f7b0d64bc43adf14e8d2960f31ec1aa1ee76	b76d8231f3ea55665cd04d505efb0c8e9f6ecd1462959dcdf2efc1791649b8cd	be385c6d4d39ce37f8e9bb59965b1f29ca1442e18d829467b97a46c06b4c8596
SLICE_X8Y25_zrst_A5FF	SLICE_X8Y25	zrst_A5FF	implementation	81e4aabfc0261d01fd276178c36642af2940eeb925b216d2976e26ee3c3aabb8	7d14bdff0175ce75eaaf9406d3110e4353b5b271c4d3cc7346f43a49886ee74e	1b02692647aac2e1c480a4d38db32cce1b35a4396157235c9158be028dd9dd55
SLICE_X8Y25_zrst_AFF	SLICE_X8Y25	zrst_AFF	implementation	34a5f15ea969f2f5f95458cedfc1ac2275c472322cf4c102b8cc2d4ce7d4ad88	5fdb9ab3ff6d27b7d25effcde0705df4d2107935523bfbdf3841c30e77492960	48803adc5828330470d619b8f1d57ddfa68b0849f8048dadf7d94b23ea3c4750
SLICE_X8Y25_zrst_B5FF	SLICE_X8Y25	zrst_B5FF	implementation	e2e4025fa92b8610fc23b837cea1b387afbcf5afd1bc69c9871df0b99b51d02e	9d70eb2089f676b5b2f1d379fd70213e8c87f2622bdcd9105d52d70a58a5248e	10be25ce7500b4bae3f54a579a6b4f31f0f0640ee3ed980a85db4960bd4e02fa
SLICE_X8Y25_zrst_BFF	SLICE_X8Y25	zrst_BFF	implementation	f1dd2ae855905d8353ae048acd25901e2d83e8646ecc58b7b6ff11016658de55	a7344e742a03408099f5db3e28ee1327d06d791f2df32985db98287696d0afd5	174fe468b0f01a44cc7f8e3904f0ed9d9cb20edaa2a45bb34dc8764d7f63064a
SLICE_X8Y25_zrst_C5FF	SLICE_X8Y25	zrst_C5FF	implementation	11f601d837c7f36a17467c72e530ac02f08b859ce1baec9312965e93a6ac9a35	2563519def7198e75a0f85ee4d7a3a49cfc96547b9bad3e4795ca97a5c93a211	9dfc4242bb0b934856c01c4a8b667e48000fca276af672e2d43c91daefb1255a
SLICE_X8Y25_zrst_CFF	SLICE_X8Y25	zrst_CFF	implementation	ba4f6e107207c582e88118f869e2391b8d43b0c05bbe658dcb2aac6bde192fe2	f5b9596dfa40feaa0e0ade72fd4dd0439e9acc20573fd31c94d4ebc310a55c49	e1a307caf71b305af468e9547cdf3beeee690aee172fc05e1e86ea951146a9d3
SLICE_X8Y25_zrst_D5FF	SLICE_X8Y25	zrst_D5FF	implementation	b4aebc3668c8106b42b49095c3d4ca72c1704e2c7299a28ff86b8bf2cfee0f00	86dbe9168f0ea5e507381eaf6f57394cfd8d152b3e705b450e45068327b046d9	f5eff160696e6f72fff357b879f5c01ebed0291ca2cf64c943581bbee97f5eca
SLICE_X8Y25_zrst_DFF	SLICE_X8Y25	zrst_DFF	implementation	409dc9c9fbdafe9a65b060a563671eb01df24460a61b37f32457be43de6f7b17	2bdabfa5e3f8250c12646868e9d19d340554c066395f891fcf971e760535f72f	ad105350d0449fc36be5cc8357fad2547f59f076fad573ca3269d81f118644c6
SLICE_X9Y25_async	SLICE_X9Y25	async	implementation	ae44ac37c0d00d668f80201507d3b6080e1f17c1128d31e25bd35f5f7d606b65	ab5120f36d97611fae89d02c93487f3f79165ac0cdf6f18eb44218a645b50729	ed0a9a4acce6f775e3ee8ba2ea52cd57652e21fdb0e3ce53654501b3d79621e4
SLICE_X9Y25_base	SLICE_X9Y25	base	implementation	e1c9a3757caada7d7b3dbe5e08047a84188a69f60c8b46702917f5492d16b043	3ad4497b633f6c0fcd15578882b8d7ec43f3577a147e8d9a1bcfee60cb978a6a	a85b1d4d148dc8b0b7372a2a4c037aebe8dc898742f4ed9ae728547a140b3e96
SLICE_X9Y25_ce_tied	SLICE_X9Y25	ce_tied	implementation	75e80aa301ea1363cb5d332964f9df7819751e225c690cb398b96ebaab348018	c5c9851639ee58687524755bd2f4f3693cf93ee7c39169bfbb65ffb700e7b841	60c2deb6e07de71011dda33c314df526ca3918eb7075f1c50ec861114de0a816
SLICE_X9Y25_clkinv	SLICE_X9Y25	clkinv	implementation	68bf5c5d74ad1036b04642405e42efdc95956ae819b6be0d7bce122b32385ac9	373a53356493614a63e30dd030fd2fc1734e0b7a4bd2fd33c9c793bcb8cffb8c	9a07c1a51396f4878ffb07661a4806a5c4005bed8bfeec570f3727aeb1a24cad
SLICE_X9Y25_latch	SLICE_X9Y25	latch	implementation	11df980fb2148ab09c38fc307585220e2d9c194075a616fefe498b6de55b7461	38a9ab34c0b44e63d40a478dce1189c8451903743c207e53e4b7e07707317c6b	807f7cadcff85e603575e64026cc27a875827c1c7ba0dae981665c134bf402ae
SLICE_X9Y25_latch_base	SLICE_X9Y25	latch_base	implementation	b94295f4e58ce1fd4ad31b12701ce07c6aa788b09bd2978109f1805d210f2bfb	57b55c42d24485b1e40a03d8971e486cd8ee56ddb0bdaca99d1ce344d7ce9d2c	cb5559b6717423ae5b258ec6693c3df69dece24a24d4c1f5aab5a1a3a86f7ee2
SLICE_X9Y25_sr_tied	SLICE_X9Y25	sr_tied	implementation	4e0d86c0c93c03805f388894d6425d29f5ebae33366a08bec78f9dbe34492480	6b3501ad1a58a89714a663d78be459ce2be5483414489efebc0cf39a7f078311	42c3ee943d28eb352d81a3f38445aaa2574c01cdc4f7f457f9da300ceac20f22
SLICE_X9Y25_zini_A5FF	SLICE_X9Y25	zini_A5FF	derived	ae42b5620c39bd5dcdb664cdeff5b743f61866d3be0663fc4b9d727acceea5c9	3b9e1ad08f0dc82f322b9c36d40de86d3c27476135e6843a924f2ce1fc63257f	2bbb6b8fd0e4ba33887fb359f45b5ebf74fe39eacac041ca774ae86cf7288f57
SLICE_X9Y25_zini_AFF	SLICE_X9Y25	zini_AFF	derived	0ed398399ad134234638dd8cef5443b19188c1ec3191b833d53a376dab034123	2f780db453d37915ce51bdfc97b9122f5bad2eca0fed846409a22069d93a0141	f9dac6da542f30ef335c48d37134b97bf66ae8b91473714dcdba2a3590e1e43f
SLICE_X9Y25_zini_B5FF	SLICE_X9Y25	zini_B5FF	derived	feaeb6af7a5d1a363608cdc9cd82528b9b7d1095e90487d8f545c241b62f263e	16276eb3a5ae6dc85811481835b2eddaccd93aeb2335100b6f5137ad5fb04c19	8d8cf44493267cecbd128ec9b53e092dda522f2dd2d4528b79e77478a90fff35
SLICE_X9Y25_zini_BFF	SLICE_X9Y25	zini_BFF	derived	dd257795b309c5dd9a9dd83e7801bc59cb78ee8bf2913022c669fe5296828c6f	7c4b513f908394e6075da0550be38e2786f0abdadb937c480759a8c85d765e5f	55bfa1d723acc9e1ef676e78307e1395c15dfd074ab43ab1c538aba2d927cc3b
SLICE_X9Y25_zini_C5FF	SLICE_X9Y25	zini_C5FF	derived	486f04553498fc761d8621cacac75e8eb3f4bee343616878e5cdb824d62def8d	d4d35a61db9826c0382cb584ed0505e9164ffe871c5c5769c24f823adf0c8a10	a68218d5fccaa9d69d0abc887ef528e9bd8dc81cbd07adb4a3e82baea0791610
SLICE_X9Y25_zini_CFF	SLICE_X9Y25	zini_CFF	derived	1c626780dd0be3ec964701cf4e1b6e86de7073871092d9d761d74f9970fc753a	aa225e4b28cfc7d8598ff0896a41f7736fc132268a4a01f28dd761fa67d5282d	9fe67a9092af261dfdd2448b098e6a2028fe777cee7e7f47e1d476c5ea0a1ec6
SLICE_X9Y25_zini_D5FF	SLICE_X9Y25	zini_D5FF	derived	90a86757d712a52d405241c35d88a81a02402314f5fe2fcb771f3df30829b072	0067b7ee4e3f4d4a3d5d7a09798cbf7e86ea8b761de33eeb45f3d12d0c2940e7	12079af235f59c11209d779194b2b4d8991e01eb61f1561af3c060af3551ecb7
SLICE_X9Y25_zini_DFF	SLICE_X9Y25	zini_DFF	derived	dc3a493e28db2ef1d81dc81190b1981bfb8b6e373783adb59c3385f1ce0fe852	f77a1bfff9bc08acc6e369f31ec339e13e3edfafffc72f94849596d5924aa53c	b400c48742feac6614ffd6e2b0524ebe8c5ee5a6ea07622dcd4fd7fd1e47369b
SLICE_X9Y25_zrst_A5FF	SLICE_X9Y25	zrst_A5FF	implementation	7ddfb212ec25f632358d4023d7ee462f9737156a70d96846d12a9890ab823fd1	55b1d7cac181a77c7231ccf31de5869547cc9371bb99d89f7a91d030f4a7f4b6	da8c0e65c6e4d9aa9b11d68759f37284908994536404fafbf2e989d06fdd8520
SLICE_X9Y25_zrst_AFF	SLICE_X9Y25	zrst_AFF	implementation	24fc05f93cada8fb1eca566f317c87be5ce87e22ee447566fbc9a67dab33f2f1	0cd28001765821bc04c0b479ac4efcdea0f9c6ac359cffee4cff405c496ab6d9	492752d75d5b909882c67dfd195a7ad98cf74fc2de52867f7e4a90452297c28c
SLICE_X9Y25_zrst_B5FF	SLICE_X9Y25	zrst_B5FF	implementation	9f691b63e3fe12ecf8a8774d3bbddb6d87908d12205b7b953f3a886602b14d4e	dcbeb7ae06090e4b265c844c69c7f980eb4b745f6d049f7312d2916ffaa5fc97	32e4c3e4cbde69b08688cbef10b190ab720f61ac6f261ae7724926c2f51f3d89
SLICE_X9Y25_zrst_BFF	SLICE_X9Y25	zrst_BFF	implementation	90a2884ebcec60241bf9c485546bbc23df2a9c2d2a9f49c1412d8ce676417589	9a304e40513c2a1ff472f69ed71e9da94c7b869b58ddc7a6d827b6f6b96eefb7	80b226b1b2947b05b92d34b6c327d8e8efe0fe2afc58f204d9c9aaff9cabc428
SLICE_X9Y25_zrst_C5FF	SLICE_X9Y25	zrst_C5FF	implementation	9ca8e92416d87f9ae4f3653552668c6a5b5d2a9f60ad6eecd4af70003e02a247	9be365ecb12537aac4a7a8776678bd18f83bef629d5ed8a3340b3b9ed6d17ab8	ba78c7a4331a97138aa42a32868017611f7d9378c5f1a668e458f052a2492911
SLICE_X9Y25_zrst_CFF	SLICE_X9Y25	zrst_CFF	implementation	1a763398face3ab62787535539873b2202560743146524273af4ecc3cde09850	85ea5e9cbd88912562942e47800c14ce4647c41e66c967e46d3b3e1532715f76	1f1ddb7862b6ca186a6e3fe3fc56b7438d04d74f0c28345f296cc9140153183d
SLICE_X9Y25_zrst_D5FF	SLICE_X9Y25	zrst_D5FF	implementation	a1568a669983bb90d36fd22438054e238bb7e6d6e3b6b65da217eae29cc48707	48413f57ddf0a749ddd6680cef177c2af8f915bd0ddbd111a14928c7090bf56c	25a4d6a3c0fdef6f41417b58a9dba8eb85565468b1405189b09925a156d8efed
SLICE_X9Y25_zrst_DFF	SLICE_X9Y25	zrst_DFF	implementation	15f70d1e40c531f5804bbff13d1a41b356ee3690f48f55ad77116d6a278231ab	245e8d9c4884c476bf9393bccd1abdd36ee376d1d62cb9871df1aab647d7ca01	b2b200dc90421e1a3d6376173f1e6c8eee1e03e55571e91209acb9a357998931
