routepin.schema	ff_formal_routepin/2
routepin.dedicated	anchor_o anchor_o2 anchor_o2_OBUF anchor_o_OBUF q q_OBUF qr1 w1 w2
routepin.routable	anchor_o2_OBUF anchor_o_OBUF q_OBUF qr1 w1 w2
routepin.intrasite	anchor_o anchor_o2 q
routepin.first.anchor_o.route	{}
routepin.first.anchor_o.pips	
routepin.first.anchor_o.driver	anchor_o_OBUF_inst/O
routepin.first.anchor_o.sinks	
routepin.first.anchor_o.status	INTRASITE
routepin.first.anchor_o.fixed	0
routepin.first.anchor_o2.route	{}
routepin.first.anchor_o2.pips	
routepin.first.anchor_o2.driver	anchor_o2_OBUF_inst/O
routepin.first.anchor_o2.sinks	
routepin.first.anchor_o2.status	INTRASITE
routepin.first.anchor_o2.fixed	0
routepin.first.anchor_o2_OBUF.route	 { CLBLM_L_AQ CLBLM_LOGIC_OUTS0 NE6BEG0 NE6BEG0 NE6BEG0 NE6BEG0 EE2BEG0 NE6BEG0 NE6BEG0 NN6BEG0 NN6BEG0 NN6BEG0 NN6BEG0 NN2BEG0 SR1BEG_S0 IMUX34 IOI_OLOGIC1_D1 RIOI_OLOGIC1_OQ RIOI_O1 }  
routepin.first.anchor_o2_OBUF.pips	CLBLM_R_X17Y20/CLBLM_R.CLBLM_L_AQ->CLBLM_LOGIC_OUTS0 INT_R_X17Y20/INT_R.LOGIC_OUTS0->>NE6BEG0 INT_R_X19Y24/INT_R.NE6END0->>NE6BEG0 INT_R_X21Y28/INT_R.NE6END0->>NE6BEG0 INT_R_X23Y32/INT_R.NE6END0->>NE6BEG0 INT_R_X25Y36/INT_R.NE6END0->>EE2BEG0 INT_R_X27Y36/INT_R.EE2END0->>NE6BEG0 INT_R_X29Y40/INT_R.NE6END0->>NE6BEG0 INT_R_X31Y44/INT_R.NE6END0->>NN6BEG0 INT_R_X31Y50/INT_R.NN6END0->>NN6BEG0 INT_R_X31Y56/INT_R.NN6END0->>NN6BEG0 INT_R_X31Y62/INT_R.NN6END0->>NN6BEG0 INT_R_X31Y68/INT_R.NN6END0->>NN2BEG0 INT_R_X31Y69/INT_R.NN2END_S2_0->>SR1BEG_S0 INT_R_X31Y69/INT_R.SR1BEG_S0->>IMUX34 RIOI3_TBYTESRC_X31Y69/RIOI3_TBYTESRC.IOI_IMUX34_0->IOI_OLOGIC1_D1 RIOI3_TBYTESRC_X31Y69/RIOI3_TBYTESRC.IOI_OLOGIC1_D1->>RIOI_OLOGIC1_OQ RIOI3_TBYTESRC_X31Y69/RIOI3_TBYTESRC.RIOI_OLOGIC1_OQ->>RIOI_O1
routepin.first.anchor_o2_OBUF.driver	anchor_ff2/Q
routepin.first.anchor_o2_OBUF.sinks	anchor_o2_OBUF_inst/I
routepin.first.anchor_o2_OBUF.status	ROUTED
routepin.first.anchor_o2_OBUF.fixed	1
routepin.first.anchor_o_OBUF.route	 { CLBLL_L_AQ CLBLL_LOGIC_OUTS0 NE6BEG0 NE6BEG0 NE6BEG0 NE6BEG0 NN6BEG0 LV0 NE6BEG3 NN6BEG3 EL1BEG2 EL1BEG1 IMUX34 IOI_OLOGIC0_D1 RIOI_OLOGIC0_OQ RIOI_O0 }  
routepin.first.anchor_o_OBUF.pips	CLBLL_R_X19Y20/CLBLL_R.CLBLL_L_AQ->CLBLL_LOGIC_OUTS0 INT_L_X30Y70/INT_L.EL1END2->>EL1BEG1 INT_R_X19Y20/INT_R.LOGIC_OUTS0->>NE6BEG0 INT_R_X21Y24/INT_R.NE6END0->>NE6BEG0 INT_R_X23Y28/INT_R.NE6END0->>NE6BEG0 INT_R_X25Y32/INT_R.NE6END0->>NE6BEG0 INT_R_X27Y36/INT_R.NE6END0->>NN6BEG0 INT_R_X27Y42/INT_R.NN6END0->>LV0 INT_R_X27Y60/INT_R.LV18->>NE6BEG3 INT_R_X29Y64/INT_R.NE6END3->>NN6BEG3 INT_R_X29Y70/INT_R.NN6END3->>EL1BEG2 INT_R_X31Y70/INT_R.EL1END1->>IMUX34 RIOI3_TBYTESRC_X31Y69/RIOI3_TBYTESRC.IOI_IMUX34_1->IOI_OLOGIC0_D1 RIOI3_TBYTESRC_X31Y69/RIOI3_TBYTESRC.IOI_OLOGIC0_D1->>RIOI_OLOGIC0_OQ RIOI3_TBYTESRC_X31Y69/RIOI3_TBYTESRC.RIOI_OLOGIC0_OQ->>RIOI_O0
routepin.first.anchor_o_OBUF.driver	anchor_ff/Q
routepin.first.anchor_o_OBUF.sinks	anchor_o_OBUF_inst/I
routepin.first.anchor_o_OBUF.status	ROUTED
routepin.first.anchor_o_OBUF.fixed	1
routepin.first.q.route	{}
routepin.first.q.pips	
routepin.first.q.driver	q_OBUF_inst/O
routepin.first.q.sinks	
routepin.first.q.status	INTRASITE
routepin.first.q.fixed	0
routepin.first.q_OBUF.route	 { CLBLL_L_D CLBLL_LOGIC_OUTS11 NE6BEG3 NE6BEG3 NE6BEG3 NE6BEG3 NE6BEG3 NE6BEG3 NE6BEG3 NN6BEG3 NN6BEG3 NN6BEG3 NN6BEG3 NN6BEG3 NN6BEG3 NN6BEG3 NL1BEG2 EL1BEG1 IMUX34 IOI_OLOGIC1_D1 RIOI_OLOGIC1_OQ RIOI_O1 }  
routepin.first.q_OBUF.pips	CLBLL_R_X19Y20/CLBLL_R.CLBLL_L_D->CLBLL_LOGIC_OUTS11 INT_L_X30Y48/INT_L.NW6END3->>NN6BEG3 INT_L_X30Y54/INT_L.NN6END3->>NN6BEG3 INT_L_X30Y60/INT_L.NN6END3->>NN6BEG3 INT_L_X30Y66/INT_L.NN6END3->>NN6BEG3 INT_L_X30Y72/INT_L.NN6END3->>NN6BEG3 INT_L_X30Y78/INT_L.NN6END3->>NN6BEG3 INT_L_X30Y84/INT_L.NN6END3->>NN6BEG3 INT_L_X30Y90/INT_L.NN6END3->>NL1BEG2 INT_L_X30Y91/INT_L.NL1END2->>EL1BEG1 INT_R_X19Y20/INT_R.LOGIC_OUTS11->>NE6BEG3 INT_R_X21Y24/INT_R.NE6END3->>NE6BEG3 INT_R_X23Y28/INT_R.NE6END3->>NE6BEG3 INT_R_X25Y32/INT_R.NE6END3->>NE6BEG3 INT_R_X27Y36/INT_R.NE6END3->>NE6BEG3 INT_R_X29Y40/INT_R.NE6END3->>NE6BEG3 INT_R_X31Y44/INT_R.NE6END3->>NE6BEG3 INT_R_X31Y91/INT_R.EL1END1->>IMUX34 RIOI3_X31Y91/RIOI3.IOI_IMUX34_0->IOI_OLOGIC1_D1 RIOI3_X31Y91/RIOI3.IOI_OLOGIC1_D1->>RIOI_OLOGIC1_OQ RIOI3_X31Y91/RIOI3.RIOI_OLOGIC1_OQ->>RIOI_O1
routepin.first.q_OBUF.driver	q_reduce2/O
routepin.first.q_OBUF.sinks	q_OBUF_inst/I
routepin.first.q_OBUF.status	ROUTED
routepin.first.q_OBUF.fixed	1
routepin.first.qr1.route	 { CLBLL_L_C  { CLBLL_LOGIC_OUTS10 IMUX37 CLBLL_L_D4 }  CLBLL_L_CMUX CLBLL_LOGIC_OUTS18  { IMUX41 CLBLL_L_D1 }  NL1BEG_N3  { FAN_ALT1 FAN_BOUNCE1 IMUX42 CLBLL_L_D6 }  IMUX46 CLBLL_L_D5 }  
routepin.first.qr1.pips	CLBLL_R_X19Y20/CLBLL_R.CLBLL_IMUX37->CLBLL_L_D4 CLBLL_R_X19Y20/CLBLL_R.CLBLL_IMUX41->CLBLL_L_D1 CLBLL_R_X19Y20/CLBLL_R.CLBLL_IMUX42->CLBLL_L_D6 CLBLL_R_X19Y20/CLBLL_R.CLBLL_IMUX46->CLBLL_L_D5 CLBLL_R_X19Y20/CLBLL_R.CLBLL_L_C->>CLBLL_L_CMUX CLBLL_R_X19Y20/CLBLL_R.CLBLL_L_C->CLBLL_LOGIC_OUTS10 CLBLL_R_X19Y20/CLBLL_R.CLBLL_L_CMUX->CLBLL_LOGIC_OUTS18 INT_R_X19Y20/INT_R.FAN_ALT1->>FAN_BOUNCE1 INT_R_X19Y20/INT_R.FAN_BOUNCE1->>IMUX42 INT_R_X19Y20/INT_R.LOGIC_OUTS10->>IMUX37 INT_R_X19Y20/INT_R.LOGIC_OUTS18->>IMUX41 INT_R_X19Y20/INT_R.LOGIC_OUTS18->>NL1BEG_N3 INT_R_X19Y20/INT_R.NL1BEG_N3->>FAN_ALT1 INT_R_X19Y20/INT_R.NL1BEG_N3->>IMUX46
routepin.first.qr1.driver	q_reduce1/O
routepin.first.qr1.sinks	q_reduce2/I0 q_reduce2/I3 q_reduce2/I4 q_reduce2/I5
routepin.first.qr1.status	ROUTED
routepin.first.qr1.fixed	1
routepin.first.w1.route	 { CLBLL_L_A CLBLL_LOGIC_OUTS8  { BYP_ALT1 BYP_BOUNCE1  { IMUX13 CLBLL_L_B6 }  GFAN0  { IMUX16 CLBLL_L_B3 }  IMUX26 CLBLL_L_B4 }  IMUX25 CLBLL_L_B5 }  
routepin.first.w1.pips	CLBLL_R_X19Y20/CLBLL_R.CLBLL_IMUX13->CLBLL_L_B6 CLBLL_R_X19Y20/CLBLL_R.CLBLL_IMUX16->CLBLL_L_B3 CLBLL_R_X19Y20/CLBLL_R.CLBLL_IMUX25->CLBLL_L_B5 CLBLL_R_X19Y20/CLBLL_R.CLBLL_IMUX26->CLBLL_L_B4 CLBLL_R_X19Y20/CLBLL_R.CLBLL_L_A->CLBLL_LOGIC_OUTS8 INT_R_X19Y20/INT_R.BYP_ALT1->>BYP_BOUNCE1 INT_R_X19Y20/INT_R.BYP_BOUNCE1->>GFAN0 INT_R_X19Y20/INT_R.BYP_BOUNCE1->>IMUX13 INT_R_X19Y20/INT_R.GFAN0->>IMUX16 INT_R_X19Y20/INT_R.GFAN0->>IMUX26 INT_R_X19Y20/INT_R.LOGIC_OUTS8->>BYP_ALT1 INT_R_X19Y20/INT_R.LOGIC_OUTS8->>IMUX25
routepin.first.w1.driver	anchor_lut1/O
routepin.first.w1.sinks	anchor_lut2/I2 anchor_lut2/I3 anchor_lut2/I4 anchor_lut2/I5
routepin.first.w1.status	ROUTED
routepin.first.w1.fixed	1
routepin.first.w2.route	 { CLBLL_L_B CLBLL_LOGIC_OUTS9  { WR1BEG2 WL1BEG0 BYP_ALT0 BYP0 CLBLM_L_AX }  FAN_ALT2 FAN_BOUNCE2 BYP_ALT0 BYP0 CLBLL_L_AX }  
routepin.first.w2.pips	CLBLL_R_X19Y20/CLBLL_R.CLBLL_BYP0->CLBLL_L_AX CLBLL_R_X19Y20/CLBLL_R.CLBLL_L_B->CLBLL_LOGIC_OUTS9 CLBLM_R_X17Y20/CLBLM_R.CLBLM_BYP0->CLBLM_L_AX INT_L_X18Y20/INT_L.WR1END2->>WL1BEG0 INT_R_X17Y20/INT_R.BYP_ALT0->>BYP0 INT_R_X17Y20/INT_R.WL1END0->>BYP_ALT0 INT_R_X19Y20/INT_R.BYP_ALT0->>BYP0 INT_R_X19Y20/INT_R.FAN_ALT2->>FAN_BOUNCE2 INT_R_X19Y20/INT_R.FAN_BOUNCE2->>BYP_ALT0 INT_R_X19Y20/INT_R.LOGIC_OUTS9->>FAN_ALT2 INT_R_X19Y20/INT_R.LOGIC_OUTS9->>WR1BEG2
routepin.first.w2.driver	anchor_lut2/O
routepin.first.w2.sinks	anchor_ff/D anchor_ff2/D
routepin.first.w2.status	ROUTED
routepin.first.w2.fixed	1
routepin.final.anchor_o.route	{}
routepin.final.anchor_o.pips	
routepin.final.anchor_o.driver	anchor_o_OBUF_inst/O
routepin.final.anchor_o.sinks	
routepin.final.anchor_o.status	INTRASITE
routepin.final.anchor_o.fixed	0
routepin.final.anchor_o2.route	{}
routepin.final.anchor_o2.pips	
routepin.final.anchor_o2.driver	anchor_o2_OBUF_inst/O
routepin.final.anchor_o2.sinks	
routepin.final.anchor_o2.status	INTRASITE
routepin.final.anchor_o2.fixed	0
routepin.final.anchor_o2_OBUF.route	 { CLBLM_L_AQ CLBLM_LOGIC_OUTS0 NE6BEG0 NE6BEG0 NE6BEG0 NE6BEG0 EE2BEG0 NE6BEG0 NE6BEG0 NN6BEG0 NN6BEG0 NN6BEG0 NN6BEG0 NN2BEG0 SR1BEG_S0 IMUX34 IOI_OLOGIC1_D1 RIOI_OLOGIC1_OQ RIOI_O1 }  
routepin.final.anchor_o2_OBUF.pips	CLBLM_R_X17Y20/CLBLM_R.CLBLM_L_AQ->CLBLM_LOGIC_OUTS0 INT_R_X17Y20/INT_R.LOGIC_OUTS0->>NE6BEG0 INT_R_X19Y24/INT_R.NE6END0->>NE6BEG0 INT_R_X21Y28/INT_R.NE6END0->>NE6BEG0 INT_R_X23Y32/INT_R.NE6END0->>NE6BEG0 INT_R_X25Y36/INT_R.NE6END0->>EE2BEG0 INT_R_X27Y36/INT_R.EE2END0->>NE6BEG0 INT_R_X29Y40/INT_R.NE6END0->>NE6BEG0 INT_R_X31Y44/INT_R.NE6END0->>NN6BEG0 INT_R_X31Y50/INT_R.NN6END0->>NN6BEG0 INT_R_X31Y56/INT_R.NN6END0->>NN6BEG0 INT_R_X31Y62/INT_R.NN6END0->>NN6BEG0 INT_R_X31Y68/INT_R.NN6END0->>NN2BEG0 INT_R_X31Y69/INT_R.NN2END_S2_0->>SR1BEG_S0 INT_R_X31Y69/INT_R.SR1BEG_S0->>IMUX34 RIOI3_TBYTESRC_X31Y69/RIOI3_TBYTESRC.IOI_IMUX34_0->IOI_OLOGIC1_D1 RIOI3_TBYTESRC_X31Y69/RIOI3_TBYTESRC.IOI_OLOGIC1_D1->>RIOI_OLOGIC1_OQ RIOI3_TBYTESRC_X31Y69/RIOI3_TBYTESRC.RIOI_OLOGIC1_OQ->>RIOI_O1
routepin.final.anchor_o2_OBUF.driver	anchor_ff2/Q
routepin.final.anchor_o2_OBUF.sinks	anchor_o2_OBUF_inst/I
routepin.final.anchor_o2_OBUF.status	ROUTED
routepin.final.anchor_o2_OBUF.fixed	1
routepin.final.anchor_o_OBUF.route	 { CLBLL_L_AQ CLBLL_LOGIC_OUTS0 NE6BEG0 NE6BEG0 NE6BEG0 NE6BEG0 NN6BEG0 LV0 NE6BEG3 NN6BEG3 EL1BEG2 EL1BEG1 IMUX34 IOI_OLOGIC0_D1 RIOI_OLOGIC0_OQ RIOI_O0 }  
routepin.final.anchor_o_OBUF.pips	CLBLL_R_X19Y20/CLBLL_R.CLBLL_L_AQ->CLBLL_LOGIC_OUTS0 INT_L_X30Y70/INT_L.EL1END2->>EL1BEG1 INT_R_X19Y20/INT_R.LOGIC_OUTS0->>NE6BEG0 INT_R_X21Y24/INT_R.NE6END0->>NE6BEG0 INT_R_X23Y28/INT_R.NE6END0->>NE6BEG0 INT_R_X25Y32/INT_R.NE6END0->>NE6BEG0 INT_R_X27Y36/INT_R.NE6END0->>NN6BEG0 INT_R_X27Y42/INT_R.NN6END0->>LV0 INT_R_X27Y60/INT_R.LV18->>NE6BEG3 INT_R_X29Y64/INT_R.NE6END3->>NN6BEG3 INT_R_X29Y70/INT_R.NN6END3->>EL1BEG2 INT_R_X31Y70/INT_R.EL1END1->>IMUX34 RIOI3_TBYTESRC_X31Y69/RIOI3_TBYTESRC.IOI_IMUX34_1->IOI_OLOGIC0_D1 RIOI3_TBYTESRC_X31Y69/RIOI3_TBYTESRC.IOI_OLOGIC0_D1->>RIOI_OLOGIC0_OQ RIOI3_TBYTESRC_X31Y69/RIOI3_TBYTESRC.RIOI_OLOGIC0_OQ->>RIOI_O0
routepin.final.anchor_o_OBUF.driver	anchor_ff/Q
routepin.final.anchor_o_OBUF.sinks	anchor_o_OBUF_inst/I
routepin.final.anchor_o_OBUF.status	ROUTED
routepin.final.anchor_o_OBUF.fixed	1
routepin.final.q.route	{}
routepin.final.q.pips	
routepin.final.q.driver	q_OBUF_inst/O
routepin.final.q.sinks	
routepin.final.q.status	INTRASITE
routepin.final.q.fixed	0
routepin.final.q_OBUF.route	 { CLBLL_L_D CLBLL_LOGIC_OUTS11 NE6BEG3 NE6BEG3 NE6BEG3 NE6BEG3 NE6BEG3 NE6BEG3 NE6BEG3 NN6BEG3 NN6BEG3 NN6BEG3 NN6BEG3 NN6BEG3 NN6BEG3 NN6BEG3 NL1BEG2 EL1BEG1 IMUX34 IOI_OLOGIC1_D1 RIOI_OLOGIC1_OQ RIOI_O1 }  
routepin.final.q_OBUF.pips	CLBLL_R_X19Y20/CLBLL_R.CLBLL_L_D->CLBLL_LOGIC_OUTS11 INT_L_X30Y48/INT_L.NW6END3->>NN6BEG3 INT_L_X30Y54/INT_L.NN6END3->>NN6BEG3 INT_L_X30Y60/INT_L.NN6END3->>NN6BEG3 INT_L_X30Y66/INT_L.NN6END3->>NN6BEG3 INT_L_X30Y72/INT_L.NN6END3->>NN6BEG3 INT_L_X30Y78/INT_L.NN6END3->>NN6BEG3 INT_L_X30Y84/INT_L.NN6END3->>NN6BEG3 INT_L_X30Y90/INT_L.NN6END3->>NL1BEG2 INT_L_X30Y91/INT_L.NL1END2->>EL1BEG1 INT_R_X19Y20/INT_R.LOGIC_OUTS11->>NE6BEG3 INT_R_X21Y24/INT_R.NE6END3->>NE6BEG3 INT_R_X23Y28/INT_R.NE6END3->>NE6BEG3 INT_R_X25Y32/INT_R.NE6END3->>NE6BEG3 INT_R_X27Y36/INT_R.NE6END3->>NE6BEG3 INT_R_X29Y40/INT_R.NE6END3->>NE6BEG3 INT_R_X31Y44/INT_R.NE6END3->>NE6BEG3 INT_R_X31Y91/INT_R.EL1END1->>IMUX34 RIOI3_X31Y91/RIOI3.IOI_IMUX34_0->IOI_OLOGIC1_D1 RIOI3_X31Y91/RIOI3.IOI_OLOGIC1_D1->>RIOI_OLOGIC1_OQ RIOI3_X31Y91/RIOI3.RIOI_OLOGIC1_OQ->>RIOI_O1
routepin.final.q_OBUF.driver	q_reduce2/O
routepin.final.q_OBUF.sinks	q_OBUF_inst/I
routepin.final.q_OBUF.status	ROUTED
routepin.final.q_OBUF.fixed	1
routepin.final.qr1.route	 { CLBLL_L_C  { CLBLL_LOGIC_OUTS10 IMUX37 CLBLL_L_D4 }  CLBLL_L_CMUX CLBLL_LOGIC_OUTS18  { IMUX41 CLBLL_L_D1 }  NL1BEG_N3  { FAN_ALT1 FAN_BOUNCE1 IMUX42 CLBLL_L_D6 }  IMUX46 CLBLL_L_D5 }  
routepin.final.qr1.pips	CLBLL_R_X19Y20/CLBLL_R.CLBLL_IMUX37->CLBLL_L_D4 CLBLL_R_X19Y20/CLBLL_R.CLBLL_IMUX41->CLBLL_L_D1 CLBLL_R_X19Y20/CLBLL_R.CLBLL_IMUX42->CLBLL_L_D6 CLBLL_R_X19Y20/CLBLL_R.CLBLL_IMUX46->CLBLL_L_D5 CLBLL_R_X19Y20/CLBLL_R.CLBLL_L_C->>CLBLL_L_CMUX CLBLL_R_X19Y20/CLBLL_R.CLBLL_L_C->CLBLL_LOGIC_OUTS10 CLBLL_R_X19Y20/CLBLL_R.CLBLL_L_CMUX->CLBLL_LOGIC_OUTS18 INT_R_X19Y20/INT_R.FAN_ALT1->>FAN_BOUNCE1 INT_R_X19Y20/INT_R.FAN_BOUNCE1->>IMUX42 INT_R_X19Y20/INT_R.LOGIC_OUTS10->>IMUX37 INT_R_X19Y20/INT_R.LOGIC_OUTS18->>IMUX41 INT_R_X19Y20/INT_R.LOGIC_OUTS18->>NL1BEG_N3 INT_R_X19Y20/INT_R.NL1BEG_N3->>FAN_ALT1 INT_R_X19Y20/INT_R.NL1BEG_N3->>IMUX46
routepin.final.qr1.driver	q_reduce1/O
routepin.final.qr1.sinks	q_reduce2/I0 q_reduce2/I3 q_reduce2/I4 q_reduce2/I5
routepin.final.qr1.status	ROUTED
routepin.final.qr1.fixed	1
routepin.final.w1.route	 { CLBLL_L_A CLBLL_LOGIC_OUTS8  { BYP_ALT1 BYP_BOUNCE1  { IMUX13 CLBLL_L_B6 }  GFAN0  { IMUX16 CLBLL_L_B3 }  IMUX26 CLBLL_L_B4 }  IMUX25 CLBLL_L_B5 }  
routepin.final.w1.pips	CLBLL_R_X19Y20/CLBLL_R.CLBLL_IMUX13->CLBLL_L_B6 CLBLL_R_X19Y20/CLBLL_R.CLBLL_IMUX16->CLBLL_L_B3 CLBLL_R_X19Y20/CLBLL_R.CLBLL_IMUX25->CLBLL_L_B5 CLBLL_R_X19Y20/CLBLL_R.CLBLL_IMUX26->CLBLL_L_B4 CLBLL_R_X19Y20/CLBLL_R.CLBLL_L_A->CLBLL_LOGIC_OUTS8 INT_R_X19Y20/INT_R.BYP_ALT1->>BYP_BOUNCE1 INT_R_X19Y20/INT_R.BYP_BOUNCE1->>GFAN0 INT_R_X19Y20/INT_R.BYP_BOUNCE1->>IMUX13 INT_R_X19Y20/INT_R.GFAN0->>IMUX16 INT_R_X19Y20/INT_R.GFAN0->>IMUX26 INT_R_X19Y20/INT_R.LOGIC_OUTS8->>BYP_ALT1 INT_R_X19Y20/INT_R.LOGIC_OUTS8->>IMUX25
routepin.final.w1.driver	anchor_lut1/O
routepin.final.w1.sinks	anchor_lut2/I2 anchor_lut2/I3 anchor_lut2/I4 anchor_lut2/I5
routepin.final.w1.status	ROUTED
routepin.final.w1.fixed	1
routepin.final.w2.route	 { CLBLL_L_B CLBLL_LOGIC_OUTS9  { WR1BEG2 WL1BEG0 BYP_ALT0 BYP0 CLBLM_L_AX }  FAN_ALT2 FAN_BOUNCE2 BYP_ALT0 BYP0 CLBLL_L_AX }  
routepin.final.w2.pips	CLBLL_R_X19Y20/CLBLL_R.CLBLL_BYP0->CLBLL_L_AX CLBLL_R_X19Y20/CLBLL_R.CLBLL_L_B->CLBLL_LOGIC_OUTS9 CLBLM_R_X17Y20/CLBLM_R.CLBLM_BYP0->CLBLM_L_AX INT_L_X18Y20/INT_L.WR1END2->>WL1BEG0 INT_R_X17Y20/INT_R.BYP_ALT0->>BYP0 INT_R_X17Y20/INT_R.WL1END0->>BYP_ALT0 INT_R_X19Y20/INT_R.BYP_ALT0->>BYP0 INT_R_X19Y20/INT_R.FAN_ALT2->>FAN_BOUNCE2 INT_R_X19Y20/INT_R.FAN_BOUNCE2->>BYP_ALT0 INT_R_X19Y20/INT_R.LOGIC_OUTS9->>FAN_ALT2 INT_R_X19Y20/INT_R.LOGIC_OUTS9->>WR1BEG2
routepin.final.w2.driver	anchor_lut2/O
routepin.final.w2.sinks	anchor_ff/D anchor_ff2/D
routepin.final.w2.status	ROUTED
routepin.final.w2.fixed	1
